name,number,address,website
Tattu Manchester,0161 819 2060,"3 Hardman Square, Gartside St, Manchester M3 3EB, UK",https://tattu.co.uk/locations/manchester/
MyLahore Manchester,0161 248 8887,"14-18 Wilmslow Rd, Manchester M14 5TQ, UK",http://www.mylahore.co.uk/
El Gato Negro Tapas Manchester,0161 694 8585,"52 King St, Manchester M2 4LY, UK",https://www.elgatonegrotapas.com/
The Refuge,0161 233 5151,"Oxford St, Manchester M60 7HA, UK",http://www.refugemcr.co.uk/
Gaucho Manchester,0161 833 4333,"2A St Mary's St, Manchester M3 2LB, UK",https://gauchorestaurants.com/restaurants/manchester/?utm_source=google&utm_medium=organic&utm_campaign=manchester_gmb
Grand Pacific,0161 839 9365,"50 Spring Gardens, Manchester M2 1EN, UK",http://www.grandpacific.uk.com/
Turtle Bay Manchester Northern Quarter,0161 235 8411,"46-50 Oldham St, Manchester M4 1LE, UK",https://turtlebay.co.uk/restaurants/manchester-nq?utm_source=ExtNet&utm_medium=Yext
TNQ - The Northern Quarter Restaurant & Bar,0161 832 7115,"108 High St, Manchester M4 1HQ, UK",http://www.tnq.co.uk/
Comptoir Libanais Manchester,0161 672 3999,"18-19 The Avenue, Manchester M3 3HF, UK",https://www.comptoirlibanais.com/restaurants/manchester
Dishoom Manchester,0161 537 3737,"32 Bridge St, Manchester M3 3BT, UK",https://www.dishoom.com/manchester?utm_source=google&utm_medium=organic&utm_campaign=Yext&utm_content=D7-Manchester&y_source=1_MjMwNDkyMDgtNzE1LWxvY2F0aW9uLndlYnNpdGU%3D
Australasia,0161 831 0288,"1 The Avenue, Deansgate, Manchester M3 3AP, UK",http://australasia.uk.com/
Six by Nico Spring Gardens,0161 832 1815,"60 Spring Gardens, Manchester M2 2BQ, UK",https://www.sixbynico.co.uk/manchester/
Vincenzo Trattoria,0161 833 1000,"34 St Ann St, Manchester M2 7LE, UK",http://www.vincenzomanchester.co.uk/
San Carlo - Manchester,0161 834 6226,"42 King St W, Manchester M3 2WY, UK",https://sancarlo.co.uk/restaurants/san-carlo-manchester/?utm_source=google&utm_medium=organic_gbp&utm_campaign=manchester
Turtle Bay Manchester Oxford Rd,0161 236 4101,"33-35 Oxford St, Manchester M1 4WB, UK",http://www.turtlebay.co.uk/locations/manchester-oxford-st/?utm_source=ExtNet&utm_medium=Yext
Annies,0161 839 4423,"5 Old Bank St, Manchester M2 7PE, UK",http://www.anniesmanchester.co.uk/
The Blues Kitchen Manchester,0161 823 6343,"13 Quay St, Manchester M3 3HN, UK",https://theblueskitchen.com/manchester/
Kala,0161 839 3030,"55 King St, Manchester M2 4LQ, UK",https://www.kalabistro.co.uk/
Yard & Coop Manchester,0161 710 2570,"37 Edge St, Manchester M4 1HW, UK",http://www.yardandcoop.com/
Peaky Blinders Manchester,0161 884 1292,"23 Peter St, Manchester M2 5QR, UK",https://peakyblindersmanchester.com/
Almost Famous GN,0161 219 8721,"UNIT 2, GREAT NORTHERN, Peter St, Manchester M3 4EN, UK",http://www.almostfamousburgers.com/
Tampopo Albert Square,0161 819 1966,"16 Albert Square, Manchester M2 5PF, UK",https://tampopo.co.uk/
Corn Exchange Manchester,0161 834 8961,"Exchange Sq, Greater, Manchester M4 3TR, UK",https://cornexchangemanchester.co.uk/
Browns Manchester,0161 819 1055,"1 York St, Greater, Manchester M2 2AW, UK",https://www.browns-restaurants.co.uk/restaurants/northwest/manchester?utm_source=google&utm_medium=organic&utm_campaign=gmb-homepage
Sapporo Teppanyaki Manchester,0161 831 9888,"91-93 Liverpool Rd, Manchester M3 4JN, UK",http://www.sapporo.co.uk/
"Piccolino Caffé Grande, Manchester",0161 835 9860,"8 Clarence St, Manchester M2 4DW, UK",https://piccolinorestaurants.com/our-restaurants/manchester/
Rudy's Pizza Napoletana - Portland Street,0161 532 2922,"30 Portland St, Manchester M1 4GS, UK",http://www.rudyspizza.co.uk/
SANGAM MANCHESTER,0161 236 1313,"98 Portland St, Manchester M1 4GX, UK",https://www.sangam.co.uk/restaurants/sangam-manchester-city-centre/book-sangam-manchester/
Maray Manchester,0151 347 0214,"14 Brazennose St, Manchester M2 6LW, UK",https://maray.co.uk/
"Fenix Restaurant and Bar, Manchester",0161 646 0321,"The Goods Yard Building Goods Yard Street, Manchester M3 3BG, UK",http://www.fenixrestaurants.com/
"Riva Blu Italian Restaurant & Bar, Manchester",0161 827 4200,"The Corn Exchange, 11 Corn Exchange, Manchester M4 3TR, UK",https://rivablu.co.uk/manchester/
Bill's Spinningfields Restaurant,020 8054 5400,"3 Hardman Square, Manchester M3 3EB, UK",https://bills-website.co.uk/restaurants/spinningfields-manchester/?utm_source=LocalGoogle&utm_medium=Organic
Bundobust Manchester Piccadilly,0161 359 6757,"61 Piccadilly, Manchester M1 2AG, UK",http://www.bundobust.com/
Armenian Taverna & Restaurant,0161 834 9025,"3-5 Princess St, Manchester M2 4DF, UK",https://www.armeniantaverna.co.uk/
Gusto Italian,0161 641 1120,"4 Lloyd St, Manchester M2 5AB, UK",http://gustorestaurants.uk.com/restaurant/manchester/
Albert's Schloss - Manchester,0161 833 4040,"27 Peter St, Manchester M2 5QR, UK",https://albertsschloss.com/
Mowgli Street Food Corn Exchange,0161 832 0566,"16, Corn Exchange House, 37 Exchange St, Manchester M4 3TR, UK",https://www.mowglistreetfood.com/restaurants/manchester/
Almost Famous NQ,0161 244 9424,"49-51 Edge St, Manchester M4 1HW, UK",http://almostfamousburgers.com/
Teppanyaki Chinatown,0161 228 2219,"58, 60 George St, Manchester M1 4HF, UK",http://www.teppanyakichinatown.com/
Cosy Club,0161 933 8255,"Corn Exchange, 37 Hanging Ditch, Manchester M4 3TR, UK",https://cosyclub.co.uk/location/manchester/
Evuna Deansgate,0161 819 2752,"277-279 Deansgate, Manchester M3 4EW, UK",https://www.evuna.com/
Thaikhun,0161 414 0264,"The Avenue Spinningfields, Manchester M3 3HF, UK",https://www.thaikhun.co.uk/thai-restaurant/manchester/?utm_source=Local&utm_medium=Organic&utm_campaign=Manchester
Shoryu Ramen,N/a,"One Piccadilly Gardens, Manchester M1 1RG, UK",https://www.shoryuramen.com/stores/76-manchester
Fumo by San Carlo - Manchester,0161 236 7344,"1 St Peter's Sq, Oxford St, Manchester M1 5AN, UK",https://sancarlo.co.uk/restaurants/fumo-manchester/?utm_source=google&utm_medium=organic_gbp&utm_campaign=manchester
One Plus Chinese Restaurant,0161 273 2888,"42 Charles St, Manchester M1 7DB, UK",http://www.oneplusrestaurant.co.uk/booking/
Don Giovanni - Italian Restaurant Manchester,0161 228 2482,"1, Peter House, Oxford St, Manchester M1 5AN, UK",https://dongiovanni.uk.com/
Miller & Carter Manchester,0161 839 2846,"53 King St, Manchester M2 4LQ, UK",https://www.millerandcarter.co.uk/restaurants/north-west/millerandcartermanchester?utm_source=google&utm_medium=organic&utm_campaign=gmb-homepage
Sam's Chop House,0161 834 3210,"Back Pool Fold, Manchester M2 1HN, UK",http://www.samschophouse.com/
Wah Ji Wah,0161 819 5460,"37 King St W, Manchester M3 2PW, UK",https://wahjiwah.co.uk/
MR THOMAS'S CHOP HOUSE,0161 832 2245,"52 Cross St, Manchester M2 7AR, UK",http://www.tomschophouse.com/
Dukes 92,0161 839 8642,"18 - 25 Castle St, Manchester M3 4LZ, UK",http://www.dukes92.com/
ETCI MEHMET | Turkish Steak & Burger House - Manchester,0161 228 3158,"Unit 4, The Quadrangle, Chester St, Manchester M1 5QS, UK",https://www.etcimehmet.co.uk/book.html
La Bandera,0161 833 9019,"2 Ridgefield, Manchester M2 6EQ, UK",https://labandera.co.uk/
Cicchetti by San Carlo - Manchester,0161 839 2233,"Ground Floor, House of Fraser, King St W, Manchester M3 2GQ, UK",https://sancarlo.co.uk/restaurants/cicchetti-manchester/?utm_source=google&utm_medium=organic_gbp&utm_campaign=manchester
Chiquito,0161 830 1560,"The Printworks, Manchester M4 2BS, UK",https://www.chiquito.co.uk/restaurants/manchester?utm_source=google&utm_medium=organic&utm_campaign=google_lpm_chiquito_manchester
Ducie Street Warehouse,0161 503 9460,"Ducie St, Manchester M1 2TP, UK",https://duciestreet.com/?utm_source=GBP&utm_medium=organic&utm_campaign=office
Las Iguanas - Manchester - Deansgate,0161 549 2175,"84 Deansgate, Manchester M3 2ER, UK",https://www.iguanas.co.uk/restaurants/manchester-deansgate?utm_source=google&utm_medium=organic&utm_campaign=google_lpm_lasiguanas_manchester_deansgate
Habesha Restaurant,0161 228 7396,"29-31 Sackville St, Manchester M1 3LZ, UK",http://habesharestaurant.co.uk/
Tampopo Corn Exchange,0161 839 6484,"Corn Exchange, Exchange Sq, Manchester M4 3TR, UK",https://tampopo.co.uk/
wagamama manchester st peters square,0161 302 4630,"2 St Peter's Sq, Manchester M2 3LQ, UK",https://www.wagamama.com/restaurants/manchester/manchester-st-peters-square
